transaction_id,sender_id,receiver_id,amount,timestamp
TXN_A01,HUB,CY_A,5000.00,2026-01-15 00:00:00
TXN_A02,CY_A,CY_B,4800.00,2026-01-15 01:00:00
TXN_A03,CY_B,HUB,4600.00,2026-01-15 02:00:00
TXN_A04,FI_01,HUB,500.00,2026-01-15 03:00:00
TXN_A05,FI_02,HUB,520.00,2026-01-15 04:00:00
TXN_A06,FI_03,HUB,480.00,2026-01-15 05:00:00
TXN_A07,FI_04,HUB,510.00,2026-01-15 06:00:00
TXN_A08,FI_05,HUB,490.00,2026-01-15 07:00:00
TXN_A09,FI_06,HUB,530.00,2026-01-15 08:00:00
TXN_A10,FI_07,HUB,470.00,2026-01-15 09:00:00
TXN_A11,FI_08,HUB,540.00,2026-01-15 10:00:00
TXN_A12,FI_09,HUB,460.00,2026-01-15 11:00:00
TXN_A13,FI_10,HUB,550.00,2026-01-15 12:00:00
TXN_A14,HUB,FO_01,300.00,2026-01-15 13:00:00
TXN_A15,HUB,FO_02,310.00,2026-01-15 14:00:00
TXN_A16,HUB,FO_03,290.00,2026-01-15 15:00:00
TXN_A17,HUB,FO_04,320.00,2026-01-15 16:00:00
TXN_A18,HUB,FO_05,280.00,2026-01-15 17:00:00
TXN_A19,HUB,FO_06,330.00,2026-01-15 18:00:00
TXN_A20,HUB,FO_07,270.00,2026-01-15 19:00:00
TXN_A21,HUB,FO_08,340.00,2026-01-15 20:00:00
TXN_A22,HUB,FO_09,260.00,2026-01-15 21:00:00
TXN_A23,HUB,FO_10,350.00,2026-01-15 22:00:00
TXN_B01,C5_A,C5_B,1000.00,2026-01-16 00:00:00
TXN_B02,C5_B,C5_C,980.00,2026-01-16 01:00:00
TXN_B03,C5_C,C5_D,960.00,2026-01-16 02:00:00
TXN_B04,C5_D,C5_E,940.00,2026-01-16 03:00:00
TXN_B05,C5_E,C5_A,920.00,2026-01-16 04:00:00
TXN_C01,SH_SRC,SH_M1,2000.00,2026-01-17 00:00:00
TXN_C02,SH_M1,SH_M2,1900.00,2026-01-17 01:00:00
TXN_C03,SH_M2,SH_M3,1800.00,2026-01-17 02:00:00
TXN_C04,SH_M3,SH_DST,1700.00,2026-01-17 03:00:00
TXN_D01,NF_01,NEAR_TGT,100.00,2026-01-18 00:00:00
TXN_D02,NF_02,NEAR_TGT,110.00,2026-01-18 01:00:00
TXN_D03,NF_03,NEAR_TGT,120.00,2026-01-18 02:00:00
TXN_D04,NF_04,NEAR_TGT,130.00,2026-01-18 03:00:00
TXN_D05,NF_05,NEAR_TGT,140.00,2026-01-18 04:00:00
TXN_D06,NF_06,NEAR_TGT,150.00,2026-01-18 05:00:00
TXN_D07,NF_07,NEAR_TGT,160.00,2026-01-18 06:00:00
TXN_D08,NF_08,NEAR_TGT,170.00,2026-01-18 07:00:00
TXN_D09,NF_09,NEAR_TGT,180.00,2026-01-18 08:00:00
TXN_E01,SELF_X,SELF_X,500.00,2026-01-19 00:00:00
TXN_F01,TINY_A,TINY_B,0.01,2026-01-20 00:00:00
TXN_F02,TINY_B,TINY_C,0.02,2026-01-20 01:00:00
TXN_F03,TINY_C,TINY_A,0.03,2026-01-20 02:00:00
TXN_G01,BIG_A,BIG_B,99999999.99,2026-01-21 00:00:00
TXN_G02,BIG_B,BIG_A,88888888.88,2026-01-21 01:00:00
TXN_H01,CLN_HUB,CLN_1,200.00,2026-01-22 00:00:00
TXN_H02,CLN_HUB,CLN_2,200.00,2026-01-22 01:00:00
TXN_H03,CLN_HUB,CLN_3,200.00,2026-01-22 02:00:00
TXN_H04,CLN_HUB,CLN_4,200.00,2026-01-22 03:00:00
TXN_H05,CLN_HUB,CLN_5,200.00,2026-01-22 04:00:00
TXN_I01,S60_A,S60_B,1500.00,2026-01-23 00:00:00
TXN_I02,S60_B,S60_C,1400.00,2026-01-23 01:00:00
TXN_I03,S60_C,S60_A,1300.00,2026-01-23 02:00:00
TXN_I04,S60_A,S60_M1,1200.00,2026-01-23 03:00:00
TXN_I05,S60_M1,S60_M2,1100.00,2026-01-23 04:00:00
TXN_I06,S60_M2,S60_DST,1000.00,2026-01-23 05:00:00
TXN_J01,S90_F01,S90_A,400.00,2026-01-24 00:00:00
TXN_J02,S90_F02,S90_A,410.00,2026-01-24 01:00:00
TXN_J03,S90_F03,S90_A,420.00,2026-01-24 02:00:00
TXN_J04,S90_F04,S90_A,430.00,2026-01-24 03:00:00
TXN_J05,S90_F05,S90_A,440.00,2026-01-24 04:00:00
TXN_J06,S90_F06,S90_A,450.00,2026-01-24 05:00:00
TXN_J07,S90_F07,S90_A,460.00,2026-01-24 06:00:00
TXN_J08,S90_F08,S90_A,470.00,2026-01-24 07:00:00
TXN_J09,S90_F09,S90_A,480.00,2026-01-24 08:00:00
TXN_J10,S90_F10,S90_A,490.00,2026-01-24 09:00:00
TXN_J11,S90_A,S90_B,3000.00,2026-01-26 00:00:00
TXN_J12,S90_B,S90_C,2900.00,2026-01-26 01:00:00
TXN_J13,S90_C,S90_A,2800.00,2026-01-26 02:00:00
TXN_J14,S90_A,S90_R01,200.00,2026-01-28 00:00:00
TXN_J15,S90_A,S90_R02,210.00,2026-01-28 01:00:00
TXN_J16,S90_A,S90_R03,220.00,2026-01-28 02:00:00
TXN_J17,S90_A,S90_R04,230.00,2026-01-28 03:00:00
TXN_J18,S90_A,S90_R05,240.00,2026-01-28 04:00:00
TXN_J19,S90_A,S90_R06,250.00,2026-01-28 05:00:00
TXN_J20,S90_A,S90_R07,260.00,2026-01-28 06:00:00
TXN_J21,S90_A,S90_R08,270.00,2026-01-28 07:00:00
TXN_J22,S90_A,S90_R09,280.00,2026-01-28 08:00:00
TXN_J23,S90_A,S90_R10,290.00,2026-01-28 09:00:00
TXN_K01,OW_01,OW_TGT,100.00,2026-01-01 00:00:00
TXN_K02,OW_02,OW_TGT,110.00,2026-01-05 00:00:00
TXN_K03,OW_03,OW_TGT,120.00,2026-01-09 00:00:00
TXN_K04,OW_04,OW_TGT,130.00,2026-01-13 00:00:00
TXN_K05,OW_05,OW_TGT,140.00,2026-01-17 00:00:00
TXN_K06,OW_06,OW_TGT,150.00,2026-01-21 00:00:00
TXN_K07,OW_07,OW_TGT,160.00,2026-01-25 00:00:00
TXN_K08,OW_08,OW_TGT,170.00,2026-01-29 00:00:00
TXN_K09,OW_09,OW_TGT,180.00,2026-02-02 00:00:00
TXN_K10,OW_10,OW_TGT,190.00,2026-02-06 00:00:00
TXN_L01,SP-A.1,SP-B.2,700.00,2026-01-30 00:00:00
TXN_L02,SP-B.2,SP-C.3,680.00,2026-01-30 01:00:00
TXN_L03,SP-C.3,SP-A.1,660.00,2026-01-30 02:00:00
TXN_M01,DUP_A,DUP_B,100.00,2026-01-31 00:00:00
TXN_M01,DUP_B,DUP_C,200.00,2026-01-31 01:00:00
TXN_M02,DUP_C,DUP_A,300.00,2026-01-31 02:00:00
TXN_N01,LONE_A,LONE_B,50.00,2026-02-01 00:00:00
TXN_N02,LONE_C,LONE_D,60.00,2026-02-01 01:00:00
TXN_N03,LONE_E,LONE_F,70.00,2026-02-01 02:00:00
